<?xml version="1.0" encoding="UTF-8"?>
<Bucket
   type = "1"
   version = "2.0">
   <Breakpoints>
      <BreakpointProxy
         BreakpointExtensionID = "Xcode.Breakpoint.FileBreakpoint">
         <BreakpointContent
            shouldBeEnabled = "Yes"
            ignoreCount = "0"
            continueAfterRunningActions = "No"
            filePath = "Calculator/ViewController.swift"
            timestampString = "517877849.946046"
            startingColumnNumber = "9223372036854775807"
            endingColumnNumber = "9223372036854775807"
            startingLineNumber = "133"
            endingLineNumber = "133">
         </BreakpointContent>
      </BreakpointProxy>
      <BreakpointProxy
         BreakpointExtensionID = "Xcode.Breakpoint.FileBreakpoint">
         <BreakpointContent
            shouldBeEnabled = "Yes"
            ignoreCount = "0"
            continueAfterRunningActions = "No"
            filePath = "Calculator/ViewController.swift"
            timestampString = "517876874.620144"
            startingColumnNumber = "9223372036854775807"
            endingColumnNumber = "9223372036854775807"
            startingLineNumber = "10"
            endingLineNumber = "10"
            landmarkName = "ViewController"
            landmarkType = "3">
            <Locations>
               <Location
                  shouldBeEnabled = "Yes"
                  ignoreCount = "0"
                  continueAfterRunningActions = "No"
                  symbolName = "Calculator.ViewController.__deallocating_deinit"
                  moduleName = "Calculator"
                  usesParentBreakpointCondition = "Yes"
                  urlString = "file:///Users/cssummer17/Desktop/Calculator/Calculator/ViewController.swift"
                  timestampString = "517876895.027019"
                  startingColumnNumber = "9223372036854775807"
                  endingColumnNumber = "9223372036854775807"
                  startingLineNumber = "0"
                  endingLineNumber = "0"
                  offsetFromSymbolStart = "4">
               </Location>
               <Location
                  shouldBeEnabled = "Yes"
                  ignoreCount = "0"
                  continueAfterRunningActions = "No"
                  symbolName = "Calculator.ViewController.init (nibName : Swift.Optional&lt;Swift.String&gt;, bundle : Swift.Optional&lt;__ObjC.Bundle&gt;) -&gt; Calculator.ViewController"
                  moduleName = "Calculator"
                  usesParentBreakpointCondition = "Yes"
                  urlString = "file:///Users/cssummer17/Desktop/Calculator/Calculator/ViewController.swift"
                  timestampString = "517876895.031162"
                  startingColumnNumber = "9223372036854775807"
                  endingColumnNumber = "9223372036854775807"
                  startingLineNumber = "16"
                  endingLineNumber = "16"
                  offsetFromSymbolStart = "72">
               </Location>
               <Location
                  shouldBeEnabled = "Yes"
                  ignoreCount = "0"
                  continueAfterRunningActions = "No"
                  symbolName = "Calculator.ViewController.__allocating_init (nibName : Swift.Optional&lt;Swift.String&gt;, bundle : Swift.Optional&lt;__ObjC.Bundle&gt;) -&gt; Calculator.ViewController"
                  moduleName = "Calculator"
                  usesParentBreakpointCondition = "Yes"
                  urlString = "file:///Users/cssummer17/Desktop/Calculator/Calculator/ViewController.swift"
                  timestampString = "517876895.034816"
                  startingColumnNumber = "9223372036854775807"
                  endingColumnNumber = "9223372036854775807"
                  startingLineNumber = "0"
                  endingLineNumber = "0"
                  offsetFromSymbolStart = "23">
               </Location>
               <Location
                  shouldBeEnabled = "Yes"
                  ignoreCount = "0"
                  continueAfterRunningActions = "No"
                  symbolName = "Calculator.ViewController.__allocating_init (coder : __ObjC.NSCoder) -&gt; Swift.Optional&lt;Calculator.ViewController&gt;"
                  moduleName = "Calculator"
                  usesParentBreakpointCondition = "Yes"
                  urlString = "file:///Users/cssummer17/Desktop/Calculator/Calculator/ViewController.swift"
                  timestampString = "517876895.037177"
                  startingColumnNumber = "9223372036854775807"
                  endingColumnNumber = "9223372036854775807"
                  startingLineNumber = "0"
                  endingLineNumber = "0"
                  offsetFromSymbolStart = "4">
               </Location>
               <Location
                  shouldBeEnabled = "Yes"
                  ignoreCount = "0"
                  continueAfterRunningActions = "No"
                  symbolName = "Calculator.ViewController.init (coder : __ObjC.NSCoder) -&gt; Swift.Optional&lt;Calculator.ViewController&gt;"
                  moduleName = "Calculator"
                  usesParentBreakpointCondition = "Yes"
                  urlString = "file:///Users/cssummer17/Desktop/Calculator/Calculator/ViewController.swift"
                  timestampString = "517876895.039449"
                  startingColumnNumber = "9223372036854775807"
                  endingColumnNumber = "9223372036854775807"
                  startingLineNumber = "16"
                  endingLineNumber = "16"
                  offsetFromSymbolStart = "28">
               </Location>
            </Locations>
         </BreakpointContent>
      </BreakpointProxy>
   </Breakpoints>
</Bucket>
