<?xml version="1.0" encoding="UTF-8"?>
<Bucket
   type = "1"
   version = "2.0">
   <Breakpoints>
      <BreakpointProxy
         BreakpointExtensionID = "Xcode.Breakpoint.FileBreakpoint">
         <BreakpointContent
            shouldBeEnabled = "No"
            ignoreCount = "0"
            continueAfterRunningActions = "No"
            filePath = "Tip Calculator/ViewController.swift"
            timestampString = "517534401.832119"
            startingColumnNumber = "9223372036854775807"
            endingColumnNumber = "9223372036854775807"
            startingLineNumber = "8"
            endingLineNumber = "8">
            <Locations>
               <Location
                  shouldBeEnabled = "No"
                  ignoreCount = "0"
                  continueAfterRunningActions = "No"
                  symbolName = "Tip_Calculator.ViewController.__deallocating_deinit"
                  moduleName = "Tip Calculator"
                  usesParentBreakpointCondition = "Yes"
                  urlString = "file:///Users/cssummer17/Desktop/Tip%20Calculator/Tip%20Calculator/ViewController.swift"
                  timestampString = "517534565.67692"
                  startingColumnNumber = "9223372036854775807"
                  endingColumnNumber = "9223372036854775807"
                  startingLineNumber = "0"
                  endingLineNumber = "0"
                  offsetFromSymbolStart = "4">
               </Location>
               <Location
                  shouldBeEnabled = "No"
                  ignoreCount = "0"
                  continueAfterRunningActions = "No"
                  symbolName = "Tip_Calculator.ViewController.init (nibName : Swift.Optional&lt;Swift.String&gt;, bundle : Swift.Optional&lt;__ObjC.Bundle&gt;) -&gt; Tip_Calculator.ViewController"
                  moduleName = "Tip Calculator"
                  usesParentBreakpointCondition = "Yes"
                  urlString = "file:///Users/cssummer17/Desktop/Tip%20Calculator/Tip%20Calculator/ViewController.swift"
                  timestampString = "517534565.749336"
                  startingColumnNumber = "9223372036854775807"
                  endingColumnNumber = "9223372036854775807"
                  startingLineNumber = "13"
                  endingLineNumber = "13"
                  offsetFromSymbolStart = "70">
               </Location>
               <Location
                  shouldBeEnabled = "No"
                  ignoreCount = "0"
                  continueAfterRunningActions = "No"
                  symbolName = "Tip_Calculator.ViewController.__allocating_init (nibName : Swift.Optional&lt;Swift.String&gt;, bundle : Swift.Optional&lt;__ObjC.Bundle&gt;) -&gt; Tip_Calculator.ViewController"
                  moduleName = "Tip Calculator"
                  usesParentBreakpointCondition = "Yes"
                  urlString = "file:///Users/cssummer17/Desktop/Tip%20Calculator/Tip%20Calculator/ViewController.swift"
                  timestampString = "517534565.752128"
                  startingColumnNumber = "9223372036854775807"
                  endingColumnNumber = "9223372036854775807"
                  startingLineNumber = "0"
                  endingLineNumber = "0"
                  offsetFromSymbolStart = "23">
               </Location>
               <Location
                  shouldBeEnabled = "No"
                  ignoreCount = "0"
                  continueAfterRunningActions = "No"
                  symbolName = "Tip_Calculator.ViewController.__allocating_init (coder : __ObjC.NSCoder) -&gt; Swift.Optional&lt;Tip_Calculator.ViewController&gt;"
                  moduleName = "Tip Calculator"
                  usesParentBreakpointCondition = "Yes"
                  urlString = "file:///Users/cssummer17/Desktop/Tip%20Calculator/Tip%20Calculator/ViewController.swift"
                  timestampString = "517534565.755929"
                  startingColumnNumber = "9223372036854775807"
                  endingColumnNumber = "9223372036854775807"
                  startingLineNumber = "0"
                  endingLineNumber = "0"
                  offsetFromSymbolStart = "4">
               </Location>
               <Location
                  shouldBeEnabled = "No"
                  ignoreCount = "0"
                  continueAfterRunningActions = "No"
                  symbolName = "Tip_Calculator.ViewController.init (coder : __ObjC.NSCoder) -&gt; Swift.Optional&lt;Tip_Calculator.ViewController&gt;"
                  moduleName = "Tip Calculator"
                  usesParentBreakpointCondition = "Yes"
                  urlString = "file:///Users/cssummer17/Desktop/Tip%20Calculator/Tip%20Calculator/ViewController.swift"
                  timestampString = "517534565.75984"
                  startingColumnNumber = "9223372036854775807"
                  endingColumnNumber = "9223372036854775807"
                  startingLineNumber = "13"
                  endingLineNumber = "13"
                  offsetFromSymbolStart = "31">
               </Location>
            </Locations>
         </BreakpointContent>
      </BreakpointProxy>
      <BreakpointProxy
         BreakpointExtensionID = "Xcode.Breakpoint.FileBreakpoint">
         <BreakpointContent
            shouldBeEnabled = "No"
            ignoreCount = "0"
            continueAfterRunningActions = "No"
            filePath = "Tip Calculator/ViewController.swift"
            timestampString = "517534620.597314"
            startingColumnNumber = "9223372036854775807"
            endingColumnNumber = "9223372036854775807"
            startingLineNumber = "13"
            endingLineNumber = "13"
            landmarkName = "ViewController"
            landmarkType = "3">
            <Locations>
               <Location
                  shouldBeEnabled = "No"
                  ignoreCount = "0"
                  continueAfterRunningActions = "No"
                  symbolName = "Tip_Calculator.ViewController.amountTextField.getter : weak Swift.ImplicitlyUnwrappedOptional&lt;__ObjC.UITextField&gt;"
                  moduleName = "Tip Calculator"
                  usesParentBreakpointCondition = "Yes"
                  urlString = "file:///Users/cssummer17/Desktop/Tip%20Calculator/Tip%20Calculator/ViewController.swift"
                  timestampString = "517534620.637966"
                  startingColumnNumber = "9223372036854775807"
                  endingColumnNumber = "9223372036854775807"
                  startingLineNumber = "13"
                  endingLineNumber = "13"
                  offsetFromSymbolStart = "27">
               </Location>
               <Location
                  shouldBeEnabled = "No"
                  ignoreCount = "0"
                  continueAfterRunningActions = "No"
                  symbolName = "Tip_Calculator.ViewController.amountTextField.setter : weak Swift.ImplicitlyUnwrappedOptional&lt;__ObjC.UITextField&gt;"
                  moduleName = "Tip Calculator"
                  usesParentBreakpointCondition = "Yes"
                  urlString = "file:///Users/cssummer17/Desktop/Tip%20Calculator/Tip%20Calculator/ViewController.swift"
                  timestampString = "517534620.641405"
                  startingColumnNumber = "9223372036854775807"
                  endingColumnNumber = "9223372036854775807"
                  startingLineNumber = "13"
                  endingLineNumber = "13"
                  offsetFromSymbolStart = "42">
               </Location>
               <Location
                  shouldBeEnabled = "No"
                  ignoreCount = "0"
                  continueAfterRunningActions = "No"
                  symbolName = "Tip_Calculator.ViewController.init (nibName : Swift.Optional&lt;Swift.String&gt;, bundle : Swift.Optional&lt;__ObjC.Bundle&gt;) -&gt; Tip_Calculator.ViewController"
                  moduleName = "Tip Calculator"
                  usesParentBreakpointCondition = "Yes"
                  urlString = "file:///Users/cssummer17/Desktop/Tip%20Calculator/Tip%20Calculator/ViewController.swift"
                  timestampString = "517534620.644292"
                  startingColumnNumber = "9223372036854775807"
                  endingColumnNumber = "9223372036854775807"
                  startingLineNumber = "13"
                  endingLineNumber = "13"
                  offsetFromSymbolStart = "70">
               </Location>
               <Location
                  shouldBeEnabled = "No"
                  ignoreCount = "0"
                  continueAfterRunningActions = "No"
                  symbolName = "Tip_Calculator.ViewController.init (coder : __ObjC.NSCoder) -&gt; Swift.Optional&lt;Tip_Calculator.ViewController&gt;"
                  moduleName = "Tip Calculator"
                  usesParentBreakpointCondition = "Yes"
                  urlString = "file:///Users/cssummer17/Desktop/Tip%20Calculator/Tip%20Calculator/ViewController.swift"
                  timestampString = "517534620.646869"
                  startingColumnNumber = "9223372036854775807"
                  endingColumnNumber = "9223372036854775807"
                  startingLineNumber = "13"
                  endingLineNumber = "13"
                  offsetFromSymbolStart = "31">
               </Location>
            </Locations>
         </BreakpointContent>
      </BreakpointProxy>
   </Breakpoints>
</Bucket>
