<?xml version="1.0" encoding="UTF-8"?>
<document type="com.apple.InterfaceBuilder3.CocoaTouch.Storyboard.XIB" version="3.0" toolsVersion="12120" systemVersion="16E195" targetRuntime="iOS.CocoaTouch" propertyAccessControl="none" useAutolayout="YES" useTraitCollections="YES" colorMatched="YES" initialViewController="BYZ-38-t0r">
    <device id="retina4_7" orientation="portrait">
        <adaptation id="fullscreen"/>
    </device>
    <dependencies>
        <deployment identifier="iOS"/>
        <plugIn identifier="com.apple.InterfaceBuilder.IBCocoaTouchPlugin" version="12088"/>
        <capability name="Constraints to layout margins" minToolsVersion="6.0"/>
        <capability name="documents saved in the Xcode 8 format" minToolsVersion="8.0"/>
    </dependencies>
    <scenes>
        <!--View Controller-->
        <scene sceneID="tne-QT-ifu">
            <objects>
                <viewController id="BYZ-38-t0r" customClass="ViewController" customModule="Tip_Calculator" customModuleProvider="target" sceneMemberID="viewController">
                    <layoutGuides>
                        <viewControllerLayoutGuide type="top" id="y3c-jy-aDJ"/>
                        <viewControllerLayoutGuide type="bottom" id="wfy-db-euE"/>
                    </layoutGuides>
                    <view key="view" contentMode="scaleToFill" id="8bC-Xf-vdC">
                        <rect key="frame" x="0.0" y="0.0" width="375" height="667"/>
                        <autoresizingMask key="autoresizingMask" widthSizable="YES" heightSizable="YES"/>
                        <subviews>
                            <label opaque="NO" userInteractionEnabled="NO" contentMode="left" horizontalHuggingPriority="251" verticalHuggingPriority="251" text="Tip %" textAlignment="natural" lineBreakMode="tailTruncation" baselineAdjustment="alignBaselines" adjustsFontSizeToFit="NO" translatesAutoresizingMaskIntoConstraints="NO" id="7SS-J3-bv9">
                                <rect key="frame" x="36" y="157" width="42" height="21"/>
                                <fontDescription key="fontDescription" type="system" pointSize="17"/>
                                <nil key="textColor"/>
                                <nil key="highlightedColor"/>
                            </label>
                            <label opaque="NO" userInteractionEnabled="NO" contentMode="left" horizontalHuggingPriority="251" verticalHuggingPriority="251" text="Tip Amount" textAlignment="natural" lineBreakMode="tailTruncation" baselineAdjustment="alignBaselines" adjustsFontSizeToFit="NO" translatesAutoresizingMaskIntoConstraints="NO" id="KjX-Ta-Ldv">
                                <rect key="frame" x="150" y="198" width="89" height="21"/>
                                <fontDescription key="fontDescription" type="system" pointSize="17"/>
                                <nil key="textColor"/>
                                <nil key="highlightedColor"/>
                            </label>
                            <textField opaque="NO" clipsSubviews="YES" contentMode="scaleToFill" contentHorizontalAlignment="left" contentVerticalAlignment="center" text="Enter Amount" borderStyle="roundedRect" textAlignment="natural" minimumFontSize="17" translatesAutoresizingMaskIntoConstraints="NO" id="xBk-KA-P8h">
                                <rect key="frame" x="139" y="82" width="110" height="30"/>
                                <nil key="textColor"/>
                                <fontDescription key="fontDescription" type="system" pointSize="14"/>
                                <textInputTraits key="textInputTraits"/>
                                <connections>
                                    <action selector="amountChanged:" destination="BYZ-38-t0r" eventType="editingChanged" id="Qz7-GL-uxq"/>
                                </connections>
                            </textField>
                            <slider opaque="NO" contentMode="scaleToFill" contentHorizontalAlignment="center" contentVerticalAlignment="center" value="10" minValue="0.0" maxValue="30" translatesAutoresizingMaskIntoConstraints="NO" id="weZ-Ho-7C6">
                                <rect key="frame" x="96" y="152" width="245" height="31"/>
                                <connections>
                                    <action selector="tipChanged:" destination="BYZ-38-t0r" eventType="valueChanged" id="Eyd-eA-rRB"/>
                                </connections>
                            </slider>
                            <label opaque="NO" userInteractionEnabled="NO" contentMode="left" horizontalHuggingPriority="251" verticalHuggingPriority="251" text="People" textAlignment="natural" lineBreakMode="tailTruncation" baselineAdjustment="alignBaselines" adjustsFontSizeToFit="NO" translatesAutoresizingMaskIntoConstraints="NO" id="bmX-ng-nGh">
                                <rect key="frame" x="36" y="294" width="53" height="21"/>
                                <fontDescription key="fontDescription" type="system" pointSize="17"/>
                                <nil key="textColor"/>
                                <nil key="highlightedColor"/>
                            </label>
                            <slider opaque="NO" contentMode="scaleToFill" contentHorizontalAlignment="center" contentVerticalAlignment="center" value="4" minValue="1" maxValue="15" translatesAutoresizingMaskIntoConstraints="NO" id="Jfg-a0-sfU">
                                <rect key="frame" x="103" y="290" width="237" height="31"/>
                                <connections>
                                    <action selector="peopleChanged:" destination="BYZ-38-t0r" eventType="valueChanged" id="4O2-C7-xtT"/>
                                </connections>
                            </slider>
                            <label opaque="NO" userInteractionEnabled="NO" contentMode="left" horizontalHuggingPriority="251" verticalHuggingPriority="251" text="Number of People" textAlignment="natural" lineBreakMode="tailTruncation" baselineAdjustment="alignBaselines" adjustsFontSizeToFit="NO" translatesAutoresizingMaskIntoConstraints="NO" id="mwe-Wn-Y4o">
                                <rect key="frame" x="125" y="344" width="139" height="21"/>
                                <fontDescription key="fontDescription" type="system" pointSize="17"/>
                                <nil key="textColor"/>
                                <nil key="highlightedColor"/>
                            </label>
                            <label opaque="NO" userInteractionEnabled="NO" contentMode="left" horizontalHuggingPriority="251" verticalHuggingPriority="251" text="Total Amount" textAlignment="natural" lineBreakMode="tailTruncation" baselineAdjustment="alignBaselines" adjustsFontSizeToFit="NO" translatesAutoresizingMaskIntoConstraints="NO" id="ndY-7p-0HI">
                                <rect key="frame" x="143" y="445" width="102" height="21"/>
                                <fontDescription key="fontDescription" type="system" pointSize="17"/>
                                <nil key="textColor"/>
                                <nil key="highlightedColor"/>
                            </label>
                            <label opaque="NO" userInteractionEnabled="NO" contentMode="left" horizontalHuggingPriority="251" verticalHuggingPriority="251" text="Amount Per Person" textAlignment="natural" lineBreakMode="tailTruncation" baselineAdjustment="alignBaselines" adjustsFontSizeToFit="NO" translatesAutoresizingMaskIntoConstraints="NO" id="WJW-K5-l7v">
                                <rect key="frame" x="120" y="519" width="148" height="21"/>
                                <fontDescription key="fontDescription" type="system" pointSize="17"/>
                                <nil key="textColor"/>
                                <nil key="highlightedColor"/>
                            </label>
                        </subviews>
                        <color key="backgroundColor" red="1" green="1" blue="1" alpha="1" colorSpace="custom" customColorSpace="sRGB"/>
                        <constraints>
                            <constraint firstAttribute="bottom" secondItem="mwe-Wn-Y4o" secondAttribute="bottom" constant="302" id="01f-rA-za4"/>
                            <constraint firstItem="WJW-K5-l7v" firstAttribute="top" secondItem="ndY-7p-0HI" secondAttribute="bottom" constant="53" id="3vY-0P-M4g"/>
                            <constraint firstAttribute="trailingMargin" secondItem="weZ-Ho-7C6" secondAttribute="trailing" constant="20" id="3zA-Wc-qA8"/>
                            <constraint firstItem="7SS-J3-bv9" firstAttribute="leading" secondItem="bmX-ng-nGh" secondAttribute="leading" id="5iv-gr-Oc4"/>
                            <constraint firstAttribute="trailingMargin" secondItem="weZ-Ho-7C6" secondAttribute="trailing" constant="20" id="6It-YI-LaZ"/>
                            <constraint firstItem="Jfg-a0-sfU" firstAttribute="centerY" secondItem="bmX-ng-nGh" secondAttribute="centerY" id="AXv-or-bOu"/>
                            <constraint firstAttribute="trailingMargin" secondItem="Jfg-a0-sfU" secondAttribute="trailing" constant="21" id="DaO-fW-FV9"/>
                            <constraint firstItem="ndY-7p-0HI" firstAttribute="top" secondItem="mwe-Wn-Y4o" secondAttribute="bottom" constant="80" id="Lty-YV-xRm"/>
                            <constraint firstItem="weZ-Ho-7C6" firstAttribute="top" secondItem="xBk-KA-P8h" secondAttribute="bottom" constant="40" id="NuI-0u-8LD"/>
                            <constraint firstItem="mwe-Wn-Y4o" firstAttribute="top" secondItem="Jfg-a0-sfU" secondAttribute="bottom" constant="24" id="PBO-YF-Nrd"/>
                            <constraint firstItem="7SS-J3-bv9" firstAttribute="centerY" secondItem="weZ-Ho-7C6" secondAttribute="centerY" id="Soa-on-eAG"/>
                            <constraint firstItem="weZ-Ho-7C6" firstAttribute="leading" secondItem="7SS-J3-bv9" secondAttribute="trailing" constant="20" id="U2K-AW-qnV"/>
                            <constraint firstItem="Jfg-a0-sfU" firstAttribute="top" secondItem="KjX-Ta-Ldv" secondAttribute="bottom" constant="71" id="ZjK-Fs-H43"/>
                            <constraint firstItem="7SS-J3-bv9" firstAttribute="leading" secondItem="8bC-Xf-vdC" secondAttribute="leadingMargin" constant="20" id="duB-Tq-Uyh"/>
                            <constraint firstItem="xBk-KA-P8h" firstAttribute="centerX" secondItem="mwe-Wn-Y4o" secondAttribute="centerX" id="ets-fR-4sA"/>
                            <constraint firstItem="xBk-KA-P8h" firstAttribute="centerX" secondItem="WJW-K5-l7v" secondAttribute="centerX" id="mjR-rm-RmE"/>
                            <constraint firstItem="xBk-KA-P8h" firstAttribute="leading" secondItem="8bC-Xf-vdC" secondAttribute="leading" constant="139" id="o3S-C4-gc5"/>
                            <constraint firstItem="Jfg-a0-sfU" firstAttribute="leading" secondItem="bmX-ng-nGh" secondAttribute="trailing" constant="16" id="pVv-dW-eCc"/>
                            <constraint firstItem="7SS-J3-bv9" firstAttribute="top" secondItem="y3c-jy-aDJ" secondAttribute="bottom" constant="137" id="uTZ-f4-I5H"/>
                            <constraint firstItem="xBk-KA-P8h" firstAttribute="centerX" secondItem="KjX-Ta-Ldv" secondAttribute="centerX" id="z7P-oB-FmM"/>
                            <constraint firstItem="xBk-KA-P8h" firstAttribute="centerX" secondItem="ndY-7p-0HI" secondAttribute="centerX" id="z9t-6h-KVz"/>
                        </constraints>
                    </view>
                    <connections>
                        <outlet property="amountTextField" destination="xBk-KA-P8h" id="fjk-6p-gUb"/>
                        <outlet property="eachPersonAmountLabel" destination="WJW-K5-l7v" id="6yP-R6-9xP"/>
                        <outlet property="peopleLabel" destination="mwe-Wn-Y4o" id="0gs-9R-MNm"/>
                        <outlet property="peopleSlider" destination="Jfg-a0-sfU" id="zS8-gr-Cin"/>
                        <outlet property="tipAmountLabel" destination="KjX-Ta-Ldv" id="Mf9-ws-O11"/>
                        <outlet property="tipSlider" destination="weZ-Ho-7C6" id="r3M-5m-kdf"/>
                        <outlet property="totalAmountLabel" destination="ndY-7p-0HI" id="5pf-si-35i"/>
                    </connections>
                </viewController>
                <placeholder placeholderIdentifier="IBFirstResponder" id="dkx-z0-nzr" sceneMemberID="firstResponder"/>
            </objects>
            <point key="canvasLocation" x="-98.400000000000006" y="123.68815592203899"/>
        </scene>
    </scenes>
</document>
